{
  "markers": {
    "3": [
      [
        0.7586499452590942,
        0.774268388748169
      ],
      [
        0.7571924328804016,
        0.711218535900116
      ],
      [
        0.7930964827537537,
        0.7103762626647949
      ],
      [
        0.7946658134460449,
        0.7723374366760254
      ]
    ],
    "2": [
      [
        0.13338245451450348,
        0.9975515007972717
      ],
      [
        0.09693256765604019,
        0.9943175911903381
      ],
      [
        0.09961309283971786,
        0.9343286752700806
      ],
      [
        0.13735942542552948,
        0.9364718198776245
      ]
    ],
    "0": [
      [
        0.061017945408821106,
        -0.0015577611047774553
      ],
      [
        0.09671442210674286,
        -0.0019339591963216662
      ],
      [
        0.09784696996212006,
        0.056369807571172714
      ],
      [
        0.06206478551030159,
        0.05666866526007652
      ]
    ],
    "1": [
      [
        0.5685603618621826,
        -0.015739986672997475
      ],
      [
        0.5708463191986084,
        0.04354415833950043
      ],
      [
        0.5337647795677185,
        0.044958893209695816
      ],
      [
        0.5315706133842468,
        -0.014250360429286957
      ]
    ]
  },
  "image_size": [
    1920,
    1080
  ],
  "table_corners_image": [
    [
      212.0,
      114.0
    ],
    [
      1733.0,
      42.0
    ],
    [
      1750.0,
      910.0
    ],
    [
      288.0,
      1011.0
    ]
  ],
  "exposure": 60,
  "marker_color": "yellow"
}