{
  "markers": {
    "2": [
      [
        0.1389760971069336,
        0.9962589740753174
      ],
      [
        0.10279721021652222,
        0.9929889440536499
      ],
      [
        0.10546242445707321,
        0.9309555888175964
      ],
      [
        0.14289750158786774,
        0.9342886209487915
      ]
    ],
    "0": [
      [
        0.06326460838317871,
        0.00739474268630147
      ],
      [
        0.09903756529092789,
        0.007070937193930149
      ],
      [
        0.10026277601718903,
        0.06622939556837082
      ],
      [
        0.06501094996929169,
        0.06761755794286728
      ]
    ],
    "3": [
      [
        0.7552971243858337,
        0.7702891230583191
      ],
      [
        0.7541492581367493,
        0.7072439789772034
      ],
      [
        0.7898532152175903,
        0.7076042294502258
      ],
      [
        0.7903809547424316,
        0.7706571817398071
      ]
    ],
    "1": [
      [
        0.5674124360084534,
        -0.006552309729158878
      ],
      [
        0.5688232779502869,
        0.054672230035066605
      ],
      [
        0.5329942107200623,
        0.05615469068288803
      ],
      [
        0.5302979946136475,
        -0.003994343336671591
      ]
    ]
  },
  "image_size": [
    1920,
    1080
  ],
  "table_corners_image": [
    [
      210.0,
      115.0
    ],
    [
      1728.0,
      42.0
    ],
    [
      1755.0,
      905.0
    ],
    [
      282.0,
      1008.0
    ]
  ],
  "exposure": 60,
  "marker_color": "yellow"
}