{
  "camera_matrix": [
    [
      2060.188291792738,
      0.0,
      1238.4398141037918
    ],
    [
      0.0,
      2052.916348325326,
      709.5929961234202
    ],
    [
      0.0,
      0.0,
      1.0
    ]
  ],
  "dist_coeffs": [
    -0.40597349679591527,
    0.14777917472019148,
    -0.0016300913522136135,
    -0.014427149755602832,
    0.008892408196936714
  ],
  "image_size": [
    1920,
    1080
  ],
  "rms_error": 0.7551154653359604,
  "n_views": 62
}