{
  "canon": [
    1400,
    826
  ],
  "slots": [
    {
      "id": 0,
      "x0": 0.15357142857142858,
      "y0": 0.03753026634382567,
      "x1": 0.24714285714285714,
      "y1": 0.559322033898305
    },
    {
      "id": 1,
      "x0": 0.5807142857142857,
      "y0": 0.0012106537530266344,
      "x1": 0.655,
      "y1": 0.6174334140435835
    },
    {
      "id": 2,
      "x0": 0.6607142857142857,
      "y0": 0.026634382566585957,
      "x1": 0.7092857142857143,
      "y1": 0.5532687651331719
    }
  ]
}